route_id,service_id,trip_id
1,145,1083501
1,145,1311688
1,201,384155
1,203,1300413
1,605,1346743
1,605,640403
1,79,529812
1,79,895876
1,879,1334235
1,879,1548558
1,879,188917
10,282,945121
10,389,1426060
10,403,1473172
10,43,1010012
10,464,845971
10,560,704303
10,757,1014510
10,757,1095226
10,81,180021
10,816,119593
10,866,948831
100,334,1118802
100,334,172254
100,334,200156
100,334,431948
100,886,1050623
100,886,614048
101,112,165895
101,16,830743
101,185,1164268
101,224,155927
101,224,408599
101,283,127440
101,283,1637010
101,283,570988
101,283,586844
101,307,407918
101,310,1451985
101,348,1185238
101,44,1222990
101,521,966777
101,542,1223212
101,542,1547437
101,542,1554700
101,542,57056
101,542,822847
101,560,1314556
101,560,1442340
101,560,466656
101,565,839703
101,626,152334
101,674,572159
101,680,964878
101,717,787515
101,758,233521
101,770,963379
101,780,1021189
101,798,1178597
101,798,1562170
101,847,107878
101,868,250027
101,881,1532941
101,886,388519
101,936,1391623
101,936,449924
101,936,939170
102,102,1138703
102,102,1184125
102,145,359607
102,145,482023
102,145,501916
102,145,783440
102,25,802305
102,257,680057
102,29,467662
102,320,7643
102,323,1195160
102,323,1455685
102,323,1552923
102,323,165565
102,425,1303021
102,425,2162
102,5,1390629
102,5,385153
102,515,342360
102,515,555695
102,605,1104019
102,605,785208
102,66,1311687
102,702,1064961
102,702,410332
102,727,1005997
102,742,344309
102,753,712820
102,753,8368
102,77,1117641
102,77,1442640
102,78,1323715
102,78,395298
102,78,581511
102,79,100075
102,79,1246822
102,79,1496649
102,79,216546
102,829,1567153
102,829,746268
102,927,237598
103,224,1021486
103,224,1536818
103,237,1152221
103,237,1177367
103,237,1462631
103,237,180052
103,237,213751
103,237,504339
103,237,639233
103,237,676325
103,237,841252
103,237,895760
103,237,979781
103,384,1551434
103,50,873594
103,501,942582
103,748,1030960
103,793,953722
104,757,1105055
105,105,1429955
105,105,561160
105,144,1449637
105,145,1248446
105,145,1489279
105,145,156026
105,145,668303
105,145,793988
105,148,549562
105,177,159613
105,177,591972
105,177,823058
105,177,981892
105,208,1184481
105,282,1107966
105,285,1509294
105,289,1133082
105,317,496552
105,336,902083
105,341,608200
105,386,1479098
105,391,447798
105,391,916549
105,451,1091578
105,466,1058234
105,466,1192628
105,466,318430
105,466,578170
105,5,136148
105,512,908575
105,6,1309265
105,605,1226091
105,605,939174
105,639,163605
105,639,664845
105,639,734495
105,720,940640
105,79,1630400
105,79,295486
105,79,916766
105,858,115243
105,858,1356619
105,863,676922
105,867,1026691
105,867,228712
105,867,241549
105,876,846154
105,879,666054
105,885,55605
105,936,1037889
105,936,724310
106,145,365052
106,145,498717
106,199,1590354
106,257,1613156
106,293,995465
106,587,1568541
106,622,778519
106,679,1093798
106,726,647999
106,778,809831
106,843,167463
106,865,276940
107,145,1601671
107,145,827761
107,145,929156
107,224,2794
107,406,1574051
107,406,432123
107,466,891179
107,563,1635998
107,660,1065913
107,660,755615
107,71,1067093
108,139,1635948
108,237,1540933
108,237,1586845
108,237,371358
108,237,503598
108,237,62618
108,237,764652
108,237,995592
108,416,728726
108,418,1169813
108,418,1188602
108,418,504928
108,421,995359
108,457,1455364
108,465,518435
108,48,1511646
108,48,1627156
108,48,287695
108,499,1244166
108,51,1374021
108,51,270464
108,51,553685
108,516,1525011
108,570,492961
108,580,36088
108,580,611457
108,581,1534950
108,609,566388
108,609,678175
108,657,1485040
108,677,437112
108,733,463131
108,742,313242
108,756,147818
108,77,1511975
108,899,346668
109,102,866611
109,13,1503318
109,135,1005886
109,145,1042953
109,145,1295026
109,145,1368566
109,145,270166
109,145,33363
109,145,584957
109,145,646587
109,145,682032
109,145,765943
109,145,799437
109,165,1540493
109,166,883643
109,17,1123903
109,17,1192238
109,17,548516
109,17,552267
109,174,1195266
109,224,611222
109,224,93914
109,25,153896
109,251,766469
109,274,1325148
109,274,367610
109,283,597428
109,289,1129324
109,289,1258824
109,289,369939
109,289,737236
109,3,951310
109,307,713556
109,308,398952
109,324,434884
109,353,720542
109,36,611363
109,366,16589
109,386,919561
109,443,957858
109,453,1477509
109,462,1224980
109,463,1438397
109,464,1562208
109,464,211919
109,464,450663
109,464,599226
109,464,699330
109,466,1138971
109,466,1265500
109,472,94301
109,479,179206
109,481,1165243
109,492,521500
109,498,1076339
109,5,1015827
109,5,109
109,5,1232813
109,5,1295963
109,5,1340569
109,5,1410343
109,5,1431363
109,5,3582
109,5,482465
109,5,696266
109,5,708348
109,5,741887
109,5,754857
109,5,964804
109,509,147708
109,515,1322517
109,516,124345
109,525,524342
109,534,1097633
109,542,1409069
109,542,1458228
109,542,912314
109,560,118990
109,560,1262506
109,560,584616
109,587,1533956
109,603,915925
109,605,1006992
109,605,1449824
109,605,1487983
109,605,1532898
109,605,1611547
109,605,53686
109,607,1160750
109,607,1271278
109,607,1474303
109,607,330261
109,608,158068
109,625,819181
109,651,50094
109,652,1123471
109,655,1088247
109,681,957182
109,690,664589
109,691,215576
109,691,405579
109,698,463163
109,702,1360923
109,702,1537425
109,732,420060
109,737,10986
109,742,694283
109,748,724831
109,757,1476639
109,763,1521365
109,765,895298
109,77,332019
109,79,1219508
109,79,1376498
109,79,1383512
109,79,496852
109,796,93166
109,801,844855
109,802,379288
109,849,1355441
109,864,435355
109,866,203663
109,869,132263
109,886,1540012
109,893,1438535
109,893,507559
109,902,996854
109,912,1504667
109,919,626810
109,939,1452108
109,94,1632609
109,946,939375
109,954,1195610
109,954,626801
109,97,995068
109,99,977501
11,102,87688
11,113,255543
11,145,755679
11,145,818619
11,19,307869
11,243,1581826
11,246,456068
11,320,479123
11,320,872327
11,323,1126404
11,323,768176
11,360,59419
11,386,173281
11,464,27903
11,48,523319
11,48,646795
11,491,783096
11,5,450563
11,655,1351488
11,665,546385
11,702,1163920
11,753,81840
11,78,382485
11,79,1602903
11,79,795125
11,959,20250
110,1,27390
110,102,1044795
110,131,4291
110,145,1020844
110,145,834935
110,199,1610185
110,199,715463
110,246,1231875
110,257,989616
110,293,1260561
110,323,1037100
110,348,1251699
110,350,1244163
110,464,812182
110,587,419864
110,587,780107
110,622,90799
110,679,764254
110,702,1171471
110,726,1584066
110,726,559626
110,729,1055888
110,753,300694
110,778,1568531
110,843,1437506
110,954,1154265
111,106,593844
111,110,593149
111,118,159569
111,122,1390177
111,122,813237
111,126,277688
111,135,722254
111,142,405775
111,145,1047697
111,145,1211516
111,145,1333571
111,145,1476750
111,145,1594233
111,145,408444
111,145,509060
111,145,543326
111,145,548362
111,145,789277
111,177,21866
111,177,315829
111,184,667745
111,20,775440
111,201,299779
111,201,602682
111,201,915559
111,201,971271
111,209,663594
111,237,113180
111,25,1208869
111,274,136854
111,282,706146
111,282,760898
111,283,931493
111,291,69151
111,307,1574443
111,324,1111915
111,348,991525
111,35,758557
111,369,171380
111,384,607465
111,386,601385
111,401,25915
111,414,277255
111,414,812023
111,421,940421
111,436,61973
111,443,867769
111,464,994312
111,466,413759
111,478,1305791
111,495,1404005
111,498,358485
111,5,1219279
111,5,1619100
111,5,208841
111,5,210219
111,509,1331484
111,509,553627
111,516,1441942
111,541,1398833
111,542,452418
111,542,583177
111,542,899701
111,555,259278
111,557,288125
111,560,1092223
111,568,456488
111,587,526523
111,597,631764
111,605,111544
111,605,1538079
111,605,186925
111,608,1042286
111,647,1460803
111,674,4184
111,709,1056122
111,714,697778
111,716,1458126
111,716,1564031
111,732,224502
111,755,1428580
111,77,1031905
111,79,1060081
111,79,616203
111,79,891460
111,819,1141086
111,848,900669
111,854,1411928
111,866,869246
111,866,951022
111,879,903055
111,885,668721
111,893,1375547
111,902,878261
111,919,295469
111,936,458520
111,946,1003971
111,946,467150
112,115,1072524
112,115,1219456
112,115,703681
112,121,262221
112,122,1025672
112,127,787850
112,145,13994
112,145,1437430
112,145,264270
112,145,286375
112,145,427523
112,145,461570
112,145,479695
112,145,670962
112,159,435995
112,180,1254456
112,190,1027533
112,190,776482
112,190,922596
112,201,782230
112,224,930600
112,237,977474
112,241,307061
112,260,151798
112,267,205704
112,267,601010
112,282,1231092
112,301,1151977
112,307,1606604
112,323,1165369
112,37,276140
112,403,1337719
112,403,606432
112,48,1410685
112,516,557323
112,540,1218248
112,542,783387
112,560,1314990
112,590,713830
112,625,89231
112,63,198049
112,642,1123067
112,691,789888
112,732,978943
112,769,252290
112,858,687070
112,861,708595
112,865,1074102
112,865,1134310
112,865,264371
112,885,306575
112,895,624099
112,902,809700
112,936,392296
112,943,352588
112,959,881184
12,102,1168893
12,136,324365
12,145,108533
12,145,1474659
12,145,1552722
12,145,446474
12,145,629649
12,192,1398321
12,232,684804
12,262,817253
12,283,227540
12,296,1625973
12,296,238583
12,296,513216
12,296,674130
12,320,134096
12,320,96922
12,323,850811
12,323,964087
12,48,866480
12,5,1127627
12,5,1363326
12,5,1473127
12,5,472076
12,5,628899
12,5,807511
12,625,732783
12,742,1319714
12,753,1168239
12,78,1285763
12,78,251559
12,79,1084374
12,79,1305569
12,867,1285867
12,867,771207
13,145,662360
13,15,1172299
13,15,640536
13,15,937707
13,177,720843
13,181,823573
13,183,140860
13,197,1456380
13,200,283625
13,210,52166
13,219,1382968
13,224,116555
13,234,1337430
13,250,416616
13,264,1457483
13,282,473227
13,282,620262
13,29,1354846
13,292,1081431
13,292,737692
13,307,85859
13,331,1251183
13,333,1118205
13,354,666276
13,387,168175
13,389,51778
13,389,574346
13,40,864475
13,410,551886
13,470,653368
13,48,710898
13,514,217887
13,516,109678
13,516,113139
13,516,1332933
13,516,1393229
13,516,24158
13,516,398608
13,516,64391
13,516,897700
13,519,1614894
13,530,109650
13,560,161756
13,571,593019
13,572,1044813
13,576,603964
13,587,1119591
13,587,1125259
13,587,1219370
13,587,1253787
13,587,1378316
13,587,266511
13,587,400277
13,587,610620
13,587,639127
13,587,847230
13,609,1327354
13,62,1429064
13,627,925837
13,662,104840
13,670,620744
13,699,1210792
13,730,414523
13,742,448650
13,742,806264
13,76,981558
13,768,1020080
13,768,223364
13,768,994463
13,776,726929
13,785,17213
13,814,135025
13,839,1461343
13,840,1136040
13,840,757828
13,844,1022873
13,858,757372
13,858,802776
13,865,692739
13,885,1026183
13,918,40227
13,92,1053531
13,92,1187317
13,922,1196305
13,933,1372876
13,946,395129
13,946,679762
13,955,818087
13,959,1468716
13,960,1159647
13,960,281249
13,960,497622
14,138,561049
14,144,1482868
14,145,1016165
14,145,1107457
14,145,1170953
14,145,1611504
14,145,235530
14,145,471272
14,145,5676
14,145,643910
14,145,803013
14,151,1257009
14,151,307411
14,182,1059005
14,192,585204
14,25,843936
14,258,956717
14,279,398506
14,288,438512
14,323,1034277
14,323,1501093
14,382,1404512
14,382,1541251
14,41,30
14,417,979046
14,464,158003
14,466,1133698
14,466,1155311
14,466,775100
14,47,1132565
14,47,1217188
14,47,139937
14,47,1554871
14,47,30521
14,47,396466
14,47,868229
14,47,99229
14,516,129113
14,516,223854
14,516,465535
14,516,501081
14,516,58456
14,516,59185
14,516,658213
14,516,677533
14,516,733054
14,516,788197
14,516,930688
14,516,942795
14,533,265374
14,533,551406
14,542,1551629
14,542,182991
14,542,628841
14,594,273710
14,632,611460
14,658,1309521
14,715,1479810
14,884,1240249
14,923,734444
14,923,748193
14,939,581176
15,102,92482
15,143,667839
15,145,16192
15,145,2994
15,145,375373
15,145,567020
15,145,824275
15,145,959553
15,168,152698
15,17,1099234
15,24,42598
15,246,500035
15,246,711339
15,246,970190
15,248,1402035
15,248,760343
15,29,1481392
15,323,254268
15,323,319241
15,323,607775
15,323,741877
15,35,1045011
15,423,1455125
15,442,1327499
15,442,1506699
15,442,407448
15,442,550925
15,5,1142985
15,5,1208177
15,5,1429687
15,5,1556458
15,5,1591301
15,5,733224
15,5,864065
15,5,902013
15,510,1289732
15,665,1156023
15,665,546585
15,742,682131
15,742,865516
15,742,970245
15,79,1425292
15,79,172476
15,79,763762
15,79,909213
15,797,1416522
15,797,953303
15,827,28536
15,827,868365
15,954,1505958
15,954,540635
16,192,176689
16,732,157496
17,113,492053
17,129,1358362
17,129,777098
17,140,1192439
17,145,1591777
17,145,1614042
17,145,872776
17,161,1012105
17,165,266579
17,176,1129352
17,176,1296568
17,176,1315627
17,176,32278
17,176,429176
17,176,920347
17,176,990437
17,177,1620295
17,177,926145
17,20,1152489
17,20,231201
17,20,809117
17,225,1493049
17,225,426822
17,230,1558089
17,246,1002623
17,256,180728
17,272,1139485
17,272,114467
17,272,1258338
17,272,1456370
17,272,202749
17,272,616801
17,272,694251
17,272,776428
17,272,901177
17,272,914637
17,272,976562
17,282,795689
17,299,1597520
17,299,172734
17,299,592316
17,307,1388005
17,307,1593506
17,307,361108
17,307,784550
17,307,999110
17,323,23654
17,344,1022743
17,344,141508
17,348,1354201
17,348,1458414
17,348,361015
17,348,385428
17,348,418840
17,348,586529
17,348,716124
17,348,760771
17,348,989721
17,36,16066
17,373,683862
17,424,1543170
17,457,1532385
17,46,1060333
17,464,1073847
17,464,1134687
17,464,1142847
17,464,1241657
17,464,1491039
17,464,1519092
17,464,1541076
17,464,1598513
17,464,227809
17,464,248502
17,464,44969
17,464,46927
17,464,568387
17,464,657009
17,464,742876
17,464,87890
17,464,895813
17,464,905969
17,464,954949
17,472,79585
17,509,1366762
17,516,1040790
17,516,819800
17,524,203574
17,537,730221
17,542,246008
17,554,1432258
17,556,1431143
17,560,1023683
17,569,831414
17,609,879540
17,610,1116164
17,616,842971
17,625,1347274
17,625,1365264
17,625,392940
17,625,406295
17,625,576580
17,625,681606
17,625,865518
17,702,1098271
17,702,1106892
17,702,112391
17,702,1124409
17,702,1336038
17,702,1443861
17,702,1553240
17,702,173493
17,702,335009
17,702,431989
17,702,506888
17,702,518466
17,702,585764
17,702,651591
17,702,873015
17,702,992114
17,717,815924
17,724,1199539
17,724,867594
17,729,909325
17,732,745363
17,741,1117249
17,769,463317
17,769,573697
17,792,100031
17,807,857049
17,807,896344
17,864,580030
17,866,1152019
17,866,66077
17,866,897275
17,869,1567597
17,869,280424
17,869,406669
17,887,995238
17,888,422584
17,891,798916
17,899,1262723
17,902,1073802
17,902,1416521
17,904,1588959
17,91,103351
17,91,1489605
17,91,1600618
17,91,213998
17,91,252535
17,91,389160
17,91,683569
17,91,753714
17,916,362987
17,943,191844
17,943,361392
18,145,1087291
18,199,1605822
18,231,1602710
18,257,437982
18,293,1010713
18,348,1446248
18,403,689124
18,43,1149728
18,587,1563172
18,622,196328
18,650,1377154
18,679,1202807
18,726,456536
18,778,1236629
18,809,1161263
18,816,706154
18,843,942791
19,178,965413
19,224,771841
19,275,348847
19,282,1385358
19,283,1505740
19,283,497391
19,283,674147
19,283,790194
19,283,838475
19,283,880796
19,307,283005
19,307,291242
19,307,881082
19,521,150932
19,542,1010486
19,542,1263405
19,542,1596897
19,542,417609
19,542,777351
19,560,1614182
19,560,272324
19,625,1118120
19,625,991821
19,626,983616
19,680,1230699
19,758,225615
19,780,26343
19,798,1360351
19,798,686011
19,804,260187
19,847,1568939
19,864,1525962
19,886,563477
19,894,172006
19,894,236550
19,936,1197860
19,936,1283159
19,936,1430670
19,936,238082
19,936,473506
19,936,780735
19,98,552278
2,116,1033161
2,650,1367613
20,405,44895
20,429,908471
20,560,1186698
21,144,1486874
21,39,1451949
21,445,342890
21,464,1151055
21,5,1472619
21,5,1633819
21,5,75089
21,609,204419
21,609,56637
21,702,734970
22,153,1252694
22,237,661506
22,322,995792
22,457,107432
22,48,1073677
22,48,1116390
22,48,791072
22,5,429843
22,5,457161
22,580,851819
22,609,1329414
22,609,184648
22,609,438
22,609,956766
22,634,1453187
22,655,1116409
22,702,92864
22,762,882057
22,805,777353
22,961,913057
23,237,480932
23,237,995750
24,145,102707
24,145,1139595
24,165,1303593
24,177,1179237
24,177,1232532
24,233,1529264
24,282,130162
24,283,547896
24,300,1112404
24,464,1024082
24,486,170920
24,5,1036393
24,516,1581621
24,542,1314200
24,703,422815
24,77,285025
24,893,1023247
24,936,183218
25,145,1273338
25,145,1341122
25,145,1419193
25,145,371434
25,145,516225
25,145,518050
25,145,561085
25,145,59359
25,145,598370
25,145,613962
25,145,627011
25,145,653315
25,154,1144510
25,17,280160
25,18,100593
25,186,785050
25,224,1299993
25,224,1400094
25,224,14464
25,224,1560499
25,224,156635
25,224,246619
25,224,412443
25,224,413273
25,224,441424
25,224,509764
25,224,638872
25,224,694542
25,280,1205372
25,280,483183
25,280,607477
25,283,1093214
25,283,1257895
25,283,731761
25,31,527415
25,31,954775
25,312,260861
25,312,54428
25,33,1012853
25,33,141437
25,33,372777
25,33,575693
25,33,607309
25,33,940258
25,339,454868
25,360,1305917
25,360,1615427
25,360,372547
25,360,633695
25,360,708033
25,384,279757
25,384,501249
25,475,1109241
25,48,574980
25,481,1604771
25,542,543580
25,542,886802
25,542,94631
25,560,1040188
25,560,1174905
25,560,1202944
25,560,150709
25,560,155750
25,560,1568262
25,560,261384
25,560,351778
25,560,41845
25,560,481916
25,560,496395
25,560,553829
25,560,610865
25,560,830975
25,560,901960
25,587,916407
25,613,150036
25,613,252758
25,613,59295
25,640,475726
25,752,502675
25,79,1092378
25,79,1265331
25,79,1349457
25,79,1368002
25,79,200610
25,79,280019
25,79,297814
25,79,336304
25,79,386249
25,79,41008
25,79,448328
25,79,512183
25,79,530950
25,79,763523
25,79,802026
25,79,903669
25,854,2286
25,864,1054958
25,864,694079
25,868,1125194
25,868,1533112
25,868,208597
25,868,752077
25,868,851707
25,868,859025
25,880,1286525
25,880,362634
25,880,575155
25,880,668851
25,882,1561847
25,882,327537
25,882,43544
25,890,1569354
25,902,1050782
25,954,893334
26,145,1311866
26,145,1579092
26,145,778637
26,145,784483
26,156,1235515
26,206,279306
26,340,1376594
26,438,1449767
26,438,481274
26,438,738666
26,467,620148
26,562,632218
26,562,760091
26,562,825562
26,577,853128
26,67,181320
26,67,783148
26,67,878106
26,813,1195943
26,813,1347995
26,858,1517091
27,237,1516823
28,129,35014
28,282,361275
28,311,873379
28,464,1242869
28,472,229494
28,472,754171
28,476,1254407
28,524,1562137
28,524,443043
28,524,498081
28,549,1454813
28,655,1200821
28,655,274108
28,655,351433
28,690,1495025
28,711,1300713
28,784,1592052
28,833,1247557
28,885,1458163
28,932,982626
28,944,1002107
29,237,133577
29,237,1442426
29,237,354550
29,237,548426
29,237,830228
29,237,897620
29,282,483085
29,283,638828
29,328,1271801
29,328,413193
29,348,614993
29,389,218763
29,542,1425379
29,543,1319024
29,560,1063068
29,641,1370644
29,757,1153936
29,81,1412144
29,856,1544091
29,921,324647
29,936,591984
29,949,652153
3,102,274758
3,102,881624
3,145,315748
3,145,332242
3,145,814987
3,145,874710
3,157,1171711
3,157,74500
3,204,262580
3,204,625615
3,323,252415
3,323,703486
3,330,1145053
3,330,687557
3,348,1230479
3,348,1265510
3,605,67193
3,605,967963
3,671,741966
3,671,891509
3,77,131738
3,77,365387
3,78,1004019
3,78,1015997
3,79,1217628
3,79,380708
3,79,54175
3,79,695618
30,337,512215
31,237,331303
31,237,458784
32,145,1145765
32,145,1352711
32,145,440290
32,177,996005
32,195,1267082
32,201,1182619
32,292,1280310
32,297,29953
32,335,568582
32,48,5451
32,509,938540
32,518,474510
32,526,401593
32,548,1514333
32,557,748740
32,60,1629297
32,628,518168
32,642,1616186
32,703,1631990
32,806,1461330
32,852,22085
33,117,1037714
33,143,1002013
33,143,171847
33,145,1262010
33,172,67239
33,202,712985
33,224,1367738
33,274,1289306
33,274,148937
33,305,463204
33,343,332977
33,360,1176700
33,400,24815
33,421,427064
33,449,1047386
33,466,540592
33,469,409259
33,516,332791
33,516,976285
33,542,1584860
33,545,521289
33,560,334058
33,587,1362256
33,625,1023546
33,644,424694
33,674,1363775
33,697,786782
33,702,554203
33,748,1127355
33,750,305726
33,759,849351
33,769,734145
33,790,4668
33,885,679465
33,910,145778
33,943,1057159
34,145,1357385
34,145,719599
34,146,261163
34,35,1620488
34,35,766212
34,464,1065670
34,464,1345512
34,516,655548
34,676,850665
34,682,976960
34,732,713312
34,751,100507
34,786,875234
34,815,544793
34,930,1509642
34,930,696785
35,101,1464067
35,103,1227845
35,123,691236
35,141,1368456
35,145,1028436
35,145,1043388
35,145,1077636
35,145,1501579
35,145,1922
35,145,289382
35,145,621720
35,146,12171
35,146,1226913
35,146,431527
35,146,459648
35,146,531813
35,146,729635
35,159,545553
35,162,1468396
35,175,1144718
35,177,1109984
35,177,1306082
35,177,1500702
35,177,1505062
35,177,1582114
35,177,260887
35,177,29336
35,177,535182
35,177,609192
35,177,626722
35,177,703659
35,177,736426
35,177,764193
35,177,785327
35,177,813002
35,177,908388
35,201,1047015
35,201,122489
35,201,1322882
35,201,1452579
35,201,222076
35,201,666904
35,201,93380
35,224,355704
35,25,636115
35,251,24892
35,274,1473685
35,283,773746
35,301,1048996
35,307,670911
35,319,256560
35,320,1424390
35,320,350243
35,323,1551639
35,323,616480
35,324,505713
35,360,632120
35,363,918248
35,389,618912
35,403,1141381
35,403,1222499
35,403,125727
35,403,1636466
35,403,70199
35,403,914349
35,420,1083024
35,434,1403421
35,448,1208167
35,460,904096
35,464,151427
35,480,459387
35,511,400945
35,542,72446
35,544,219927
35,558,919348
35,587,1243932
35,642,784506
35,642,838811
35,65,861000
35,703,1173130
35,714,1096182
35,718,1244034
35,853,417873
35,858,1239633
35,858,702936
35,858,93894
35,866,1406369
35,919,1469685
35,930,1023248
35,930,1557644
35,930,1602337
35,930,421551
35,930,697030
35,936,1092759
35,936,1127156
35,936,832171
35,942,19704
35,950,1351085
35,98,494891
35,98,682719
35,98,82634
36,102,575289
36,115,1268247
36,115,1601369
36,121,144566
36,122,1520453
36,122,958902
36,125,419279
36,127,35291
36,143,1062861
36,145,1006941
36,145,1020812
36,145,1035020
36,145,1045978
36,145,1074163
36,145,1236214
36,145,1284161
36,145,1381522
36,145,1509874
36,145,561045
36,145,58156
36,145,727730
36,145,840092
36,145,956086
36,164,461607
36,180,1545171
36,180,53853
36,190,1135142
36,190,1251955
36,190,1578229
36,190,710469
36,190,957400
36,201,1117842
36,201,535377
36,207,57323
36,224,90148
36,237,657366
36,246,1021017
36,260,194520
36,268,307545
36,272,58504
36,30,1613500
36,323,720694
36,348,120490
36,348,689959
36,35,837450
36,386,842740
36,403,143954
36,403,357821
36,466,10425
36,466,488140
36,516,1156988
36,540,451798
36,542,1410780
36,548,584599
36,560,951701
36,590,765089
36,63,1157565
36,671,134743
36,686,1140438
36,691,842260
36,719,596977
36,774,41807
36,79,30542
36,79,511312
36,79,726423
36,793,1567762
36,858,1124721
36,858,681228
36,861,300433
36,864,1137523
36,865,30375
36,865,468404
36,865,700570
36,867,1142627
36,867,454596
36,895,594547
36,896,957931
36,902,619308
36,91,1358761
36,917,723452
36,938,1129814
37,23,1397721
37,374,1509286
37,389,64983
37,466,1304093
37,532,1170362
37,542,246294
37,560,1048424
37,611,784172
37,625,1385085
37,946,1556890
37,946,1568770
38,145,351973
38,145,501165
38,163,515063
38,17,870164
38,227,166003
38,283,128036
38,323,309483
38,36,875870
38,542,105751
38,609,1126610
38,609,254330
38,714,855211
38,858,567847
38,9,590381
38,911,1112804
38,919,403673
39,231,1274697
39,231,152357
39,348,1424253
39,4,1422883
39,809,1210702
39,809,349882
39,809,82005
4,145,1446973
4,145,684558
4,15,16902
4,193,626994
4,235,84556
4,240,559548
4,246,593457
4,255,1597469
4,255,777731
4,271,971348
4,292,1464144
4,360,567272
4,406,112265
4,406,1182311
4,406,1411821
4,406,1574686
4,406,283323
4,406,382118
4,406,519596
4,406,598852
4,406,84526
4,406,915985
4,436,1075632
4,559,382363
4,559,692121
4,587,975260
4,600,60793
4,600,997088
4,605,852542
4,659,1125847
4,659,1236831
4,659,1246802
4,659,1260216
4,659,1269185
4,659,212564
4,659,442934
4,659,721045
4,659,93524
4,659,936540
4,660,1220953
4,684,826371
4,689,1240099
4,704,599519
4,725,1213780
4,746,825556
4,858,805975
4,858,900402
4,88,1241296
40,145,598091
40,197,15682
40,224,1132302
40,283,507571
40,307,393970
40,520,277987
40,542,670637
40,560,474593
40,7,370918
40,925,1209345
41,101,801824
41,127,1375488
41,145,650834
41,17,1316326
41,177,469172
41,224,940806
41,277,753925
41,283,619459
41,3,1260679
41,306,162140
41,307,850823
41,323,390362
41,324,1349241
41,341,567904
41,36,138453
41,389,489641
41,403,1452187
41,421,183041
41,466,928086
41,480,612105
41,484,1431673
41,5,1550863
41,506,766136
41,542,78396
41,677,179808
41,705,1178113
41,72,1621698
41,732,309686
41,813,1257794
41,858,527902
41,919,931930
41,930,729513
41,936,1161846
42,145,615139
42,145,910296
42,15,1575011
42,182,752422
42,193,697159
42,237,1520620
42,237,330844
42,237,404171
42,237,437099
42,237,441889
42,237,765323
42,237,890108
42,237,904746
42,240,478949
42,246,1598782
42,292,1488527
42,360,1083875
42,376,279589
42,406,1578642
42,436,879278
42,457,322269
42,485,1229749
42,573,1455256
42,573,570333
42,587,1561179
42,600,1118706
42,605,650418
42,684,281868
42,689,228470
42,746,263551
42,80,63976
42,858,1134077
42,858,503774
42,865,1112954
42,88,870271
43,145,1530017
43,145,1611123
43,146,209374
43,146,402418
43,146,918243
43,20,1333112
43,20,1473379
43,20,1530589
43,20,336690
43,20,430360
43,20,990036
43,209,247516
43,253,988326
43,254,1161356
43,254,1532208
43,254,156607
43,254,462623
43,254,66689
43,254,822242
43,272,673428
43,307,1033744
43,307,226408
43,31,1083252
43,315,271526
43,320,897605
43,323,13591
43,325,830432
43,326,1189422
43,329,205940
43,389,329906
43,419,1021351
43,438,10577
43,452,130479
43,464,63520
43,473,114027
43,55,177579
43,55,512622
43,56,730502
43,589,112815
43,589,435051
43,589,451513
43,609,999548
43,614,59505
43,702,485071
43,703,100193
43,718,1080225
43,788,1167753
43,85,115355
43,85,1300793
43,85,14835
43,85,370046
43,85,486801
43,85,692410
43,85,790930
43,854,793853
43,854,973720
43,88,1534281
43,88,444737
43,900,393979
43,936,1053710
43,939,1334195
43,959,1034568
43,959,1112336
44,145,1057659
44,145,1062594
44,145,1145374
44,145,1155081
44,145,119178
44,145,138374
44,145,1422906
44,145,1497751
44,145,1531766
44,145,1542651
44,145,1593155
44,145,1623329
44,145,177892
44,145,225892
44,145,231283
44,145,260662
44,145,331369
44,145,339540
44,145,535709
44,145,566506
44,145,623679
44,145,633274
44,145,642418
44,145,861201
44,145,875716
44,145,93837
44,145,962226
44,145,966683
44,145,982568
44,15,1518804
44,15,1566292
44,15,276778
44,15,366984
44,15,377038
44,15,492965
44,15,690916
44,15,754554
44,15,950235
44,172,933
44,183,296695
44,200,576540
44,224,1419420
44,239,666478
44,246,489511
44,26,260076
44,264,108321
44,264,307095
44,274,1028884
44,274,1294645
44,276,1231822
44,282,753590
44,29,1141906
44,29,840378
44,305,1111202
44,305,712647
44,307,938184
44,309,1271841
44,318,1213418
44,323,103014
44,36,320294
44,360,841820
44,361,1466092
44,389,1082597
44,389,1355032
44,389,1425221
44,393,1113924
44,402,523829
44,415,981462
44,421,1373473
44,426,133514
44,48,146795
44,48,582969
44,497,1529753
44,516,1061928
44,516,1316746
44,516,1628823
44,516,247032
44,516,401579
44,516,702507
44,516,740492
44,516,778908
44,516,813532
44,516,831619
44,516,850018
44,516,873937
44,516,938337
44,535,1237517
44,542,808383
44,560,387797
44,567,542159
44,571,225731
44,571,989597
44,585,1320108
44,585,53728
44,587,1037795
44,587,1098256
44,587,1106756
44,587,1130946
44,587,1203259
44,587,1235018
44,587,1357859
44,587,1447988
44,587,1450784
44,587,1460313
44,587,24912
44,587,283192
44,587,342607
44,587,346379
44,587,4351
44,587,652551
44,587,722850
44,587,73938
44,587,869421
44,587,872987
44,587,963889
44,587,968521
44,609,606054
44,625,1532297
44,644,1134644
44,655,1472550
44,674,487321
44,697,1161286
44,699,1539837
44,701,785701
44,702,1260897
44,702,1395521
44,707,1007895
44,742,856754
44,768,1132386
44,768,1140780
44,768,1199055
44,768,1234047
44,768,1513253
44,768,1552848
44,768,45366
44,768,92188
44,77,978544
44,779,1276701
44,785,896708
44,79,38158
44,839,1036025
44,839,1276794
44,840,320685
44,842,364022
44,858,1507855
44,858,210174
44,865,1431199
44,865,1610599
44,865,845448
44,866,866877
44,913,722585
44,919,699061
44,935,129117
44,936,1245335
44,936,1398062
44,954,612825
44,960,1052220
44,960,1301746
44,960,1512579
44,960,1588297
44,960,232810
44,960,266299
44,960,607684
44,960,655042
44,960,696671
45,133,1204865
45,133,290543
45,133,291614
45,133,827056
45,144,1305118
45,145,1036292
45,145,1136195
45,145,1255029
45,145,127076
45,145,128343
45,145,1360960
45,145,344331
45,145,635527
45,145,70836
45,145,753292
45,145,951177
45,165,1334737
45,188,1118024
45,200,1577416
45,214,1092560
45,215,998757
45,223,465942
45,224,339207
45,224,405179
45,237,1092869
45,237,1156994
45,237,1359129
45,237,1376165
45,237,296428
45,237,410923
45,237,615039
45,237,802508
45,237,997156
45,239,598819
45,244,360554
45,246,324474
45,246,417366
45,246,799402
45,25,410083
45,25,430938
45,25,569599
45,25,646006
45,255,847346
45,274,874374
45,282,1094329
45,282,631487
45,283,109108
45,283,1534565
45,283,291840
45,283,896495
45,292,1085503
45,30,1608494
45,307,367998
45,307,555891
45,318,1234384
45,341,975000
45,36,1312926
45,36,220673
45,360,1509928
45,360,595979
45,365,1354623
45,365,345717
45,385,1196200
45,385,1320616
45,385,1334462
45,385,1405690
45,385,1633656
45,385,273210
45,385,35941
45,385,545938
45,385,677567
45,385,756550
45,385,763151
45,385,792034
45,399,327611
45,409,777829
45,418,1297012
45,418,1393958
45,418,1569230
45,418,36730
45,418,425777
45,418,709079
45,418,939987
45,421,1252336
45,437,280682
45,439,1034366
45,439,1236829
45,439,303753
45,439,670653
45,439,73006
45,439,767336
45,45,121426
45,457,1162135
45,462,13258
45,464,1176868
45,466,208400
45,48,1108829
45,504,858784
45,505,424191
45,51,1008225
45,51,1204660
45,51,1244628
45,51,132862
45,51,1368656
45,51,1476248
45,51,1554071
45,51,172924
45,51,525264
45,51,84670
45,529,1278742
45,529,1616903
45,542,901408
45,547,1311845
45,559,1025964
45,560,893347
45,573,1085167
45,573,1329868
45,573,507466
45,575,591859
45,587,657414
45,606,1217586
45,608,1630981
45,608,536230
45,630,1537274
45,645,1105588
45,655,157827
45,655,753951
45,677,1171139
45,677,1191788
45,677,1320341
45,677,1391436
45,677,1560644
45,677,316503
45,677,474725
45,678,416486
45,678,547600
45,691,931535
45,694,1520336
45,70,1517672
45,722,475517
45,73,193634
45,732,940169
45,732,965863
45,737,1148505
45,767,911600
45,769,300620
45,77,1489000
45,772,421605
45,809,87882
45,818,321761
45,864,776626
45,874,818688
45,875,1394764
45,893,1433908
45,893,499429
45,898,337650
45,919,1346617
45,919,356277
45,936,598148
45,936,919730
45,946,784890
45,96,1220678
46,224,74246
46,25,99531
46,35,117355
46,35,1206272
46,38,596552
46,464,648134
46,546,1409412
46,560,112423
46,870,522675
47,145,118862
47,145,1214724
47,865,198780
47,865,505425
48,1,1232166
48,145,1129248
48,199,1097302
48,257,696484
48,287,130305
48,350,682108
48,587,761797
48,679,1371454
48,732,1421712
48,775,311648
48,778,1470749
48,843,857801
49,101,1382827
49,111,1240218
49,111,1483594
49,127,299241
49,14,1233573
49,14,1370725
49,14,88561
49,14,906222
49,143,833186
49,145,1003312
49,145,1109286
49,145,118311
49,145,1501534
49,145,1529361
49,145,1615294
49,145,163930
49,145,228195
49,145,271220
49,145,414676
49,145,818751
49,145,836775
49,145,848277
49,145,959862
49,145,988875
49,146,1004091
49,146,1130132
49,146,1186741
49,146,1614462
49,146,240444
49,146,332308
49,146,345305
49,146,383277
49,146,644066
49,146,801191
49,166,772659
49,177,1483897
49,177,749701
49,190,1018799
49,190,607241
49,20,522015
49,246,1051827
49,25,529469
49,272,1239015
49,272,1499854
49,272,1501911
49,272,472928
49,272,490086
49,272,663570
49,274,660813
49,282,1004489
49,3,219784
49,307,1469175
49,307,362909
49,307,650734
49,307,804344
49,323,1008972
49,323,479521
49,323,679700
49,323,822536
49,341,1014919
49,341,1375517
49,341,385129
49,348,1055348
49,348,1068544
49,348,1230755
49,348,299463
49,348,448712
49,348,801455
49,35,1360854
49,35,686530
49,379,966186
49,386,724293
49,389,125081
49,389,17080
49,389,225134
49,389,238718
49,389,476825
49,389,837253
49,389,866062
49,403,1271
49,403,1283799
49,403,647703
49,408,845614
49,411,1064502
49,421,950437
49,440,988829
49,446,1506528
49,447,504414
49,448,1328318
49,448,490502
49,448,727970
49,464,1059248
49,464,1155156
49,464,1176676
49,464,1242098
49,464,1310958
49,464,1561969
49,464,1572912
49,464,214523
49,464,407088
49,464,718415
49,464,74600
49,464,904064
49,464,985258
49,464,999505
49,466,310143
49,466,377457
49,473,1237294
49,473,804388
49,499,576671
49,5,1519051
49,5,339319
49,5,500996
49,5,978959
49,500,1027179
49,516,1065686
49,516,1080836
49,542,1391658
49,552,1379748
49,557,1177009
49,557,1457132
49,557,1502104
49,560,711567
49,570,1318076
49,582,979320
49,587,564835
49,608,1329177
49,619,1078714
49,625,1259561
49,636,930356
49,643,1313019
49,702,1128076
49,702,1134124
49,702,1207125
49,702,1215443
49,702,1307051
49,702,146282
49,702,287594
49,702,378413
49,702,385790
49,702,389250
49,702,415573
49,702,561286
49,702,92658
49,732,1011225
49,742,387239
49,77,866265
49,79,1363454
49,79,1635724
49,799,1602543
49,799,380982
49,834,895034
49,84,918220
49,844,849570
49,845,974505
49,858,1313979
49,858,630040
49,86,423978
49,866,1318183
49,867,494106
49,869,1260565
49,869,1508212
49,869,416243
49,869,450123
49,869,516723
49,869,737528
49,871,1626774
49,871,237096
49,919,486107
49,936,1086189
49,936,616574
49,936,683578
49,951,1397120
49,959,1315540
49,959,912653
49,959,999930
5,155,418598
5,20,690576
5,237,396885
5,237,629960
5,280,215200
5,318,1513868
5,318,207482
5,334,1074744
5,42,498966
5,49,766323
5,560,533071
5,609,438908
5,625,923888
5,724,629401
5,742,680647
5,961,1001533
50,104,893134
50,145,1057272
50,145,760723
50,145,804603
50,145,921425
50,145,985625
50,240,60785
50,240,674202
50,240,694459
50,255,1024509
50,255,1423320
50,290,310556
50,307,271883
50,33,1026771
50,359,518649
50,370,1118512
50,406,1180957
50,406,142357
50,406,325064
50,406,349915
50,406,697928
50,406,87389
50,406,917856
50,45,828483
50,466,1590407
50,5,1574216
50,559,1256975
50,560,893459
50,605,1341844
50,605,1446673
50,605,1508452
50,605,475291
50,629,470905
50,659,1623212
50,660,518793
50,660,55220
50,683,227018
50,690,1282334
50,728,191910
50,732,614751
50,79,56236
50,868,211080
50,869,947319
50,879,71216
50,907,156908
51,100,320731
51,130,309976
51,145,1563386
51,145,1622533
51,145,220345
51,145,246647
51,145,570569
51,177,1194089
51,177,1610405
51,188,3773
51,191,1414930
51,201,1069024
51,201,1148728
51,201,1399619
51,201,1443127
51,201,1449080
51,201,508962
51,224,1110445
51,224,1310181
51,224,734240
51,249,1116400
51,249,296591
51,25,1234921
51,25,583231
51,251,386462
51,263,828794
51,283,1140750
51,283,732605
51,283,847678
51,298,161123
51,307,602258
51,33,1194500
51,33,1292962
51,332,1237522
51,365,140786
51,365,578830
51,381,550180
51,389,678529
51,427,1127514
51,427,1302118
51,427,1574239
51,427,1616765
51,427,465695
51,427,4657
51,427,959730
51,45,33250
51,464,305580
51,465,838622
51,466,620009
51,466,758511
51,51,1369682
51,51,280655
51,51,640778
51,51,71114
51,51,7243
51,51,909404
51,512,862846
51,522,524489
51,542,1635003
51,559,233233
51,559,815239
51,560,1465225
51,560,391078
51,588,746552
51,629,1149479
51,629,79617
51,642,1331398
51,642,176244
51,642,342903
51,659,1146549
51,659,1200635
51,659,1264457
51,659,460338
51,659,660981
51,659,947411
51,660,1064556
51,731,634757
51,737,104164
51,737,8222
51,742,539912
51,8,1443653
51,825,1331669
51,844,342194
51,919,1198114
51,919,1251872
51,924,1019135
51,936,1293167
51,936,1444759
51,936,1461004
51,936,1609520
51,952,527162
51,953,869555
52,580,828970
52,609,1086814
52,609,194509
52,609,664143
52,609,664536
53,107,814710
53,145,1116962
53,145,224198
53,224,135921
53,237,1235703
53,237,12486
53,237,1524216
53,237,275889
53,237,412835
53,237,515483
53,237,643330
53,237,675958
53,237,77944
53,283,289453
53,283,992617
53,307,864850
53,359,1068271
53,403,523861
53,406,324010
53,421,157091
53,473,762093
53,474,340697
53,512,753221
53,587,316757
53,608,1282626
53,659,1580154
53,672,152303
53,687,244376
53,732,1068768
53,826,680897
53,858,887344
53,877,1624441
53,919,54957
53,936,383720
53,936,847389
53,946,25423
53,954,944622
54,101,1470100
54,115,1624444
54,12,1090277
54,12,401512
54,12,90786
54,145,1240071
54,145,1533776
54,145,250261
54,17,1312740
54,17,418542
54,17,548608
54,17,64280
54,176,519046
54,190,1264929
54,20,515671
54,222,527989
54,222,862890
54,225,1322762
54,237,541384
54,246,1094199
54,246,1450333
54,246,1536494
54,246,174546
54,272,1142859
54,272,1272907
54,272,1535626
54,272,1593099
54,272,165409
54,272,716868
54,272,790283
54,272,958745
54,299,1283700
54,299,1325201
54,299,402883
54,323,1098287
54,323,725780
54,341,1277654
54,347,833266
54,348,1030058
54,348,1194396
54,348,1374718
54,348,1503181
54,348,1634341
54,348,605233
54,348,697768
54,356,1598579
54,464,1002259
54,464,1281080
54,464,1408653
54,464,1619520
54,464,16848
54,464,171360
54,464,176572
54,464,177923
54,464,365717
54,464,441410
54,464,487482
54,464,55127
54,464,645445
54,464,992887
54,468,1624662
54,481,1031185
54,508,700493
54,539,1610856
54,560,631776
54,573,258360
54,587,642003
54,605,963291
54,625,833509
54,664,1446498
54,702,1077195
54,702,1278671
54,702,1291669
54,702,1464683
54,702,386735
54,702,388580
54,702,435694
54,702,557120
54,702,73434
54,702,927257
54,702,929413
54,702,931693
54,702,996719
54,729,289496
54,736,1277143
54,77,937892
54,79,1454495
54,79,346098
54,792,1006540
54,810,180623
54,811,124831
54,869,1020752
54,869,1164243
54,869,1275494
54,869,1309503
54,869,1314590
54,869,916876
54,886,1577844
54,891,967500
54,91,444569
54,91,948572
54,917,1028357
54,929,808004
54,954,365960
55,132,514175
55,201,1303576
55,201,472693
55,201,75161
55,224,1449327
55,450,1151703
55,450,1242854
55,51,116309
55,51,1540378
55,51,285649
55,51,759468
55,52,755107
55,52,831993
55,673,834860
55,948,1277072
55,948,685697
55,948,784723
55,952,1255775
55,952,780426
56,123,280531
56,123,814014
56,123,888521
56,145,1383370
56,145,636817
56,146,1082538
56,146,1234118
56,180,40137
56,190,862376
56,190,969006
56,2,1537579
56,229,904492
56,274,733074
56,307,672945
56,320,1028261
56,320,120711
56,320,147139
56,320,941797
56,323,1235557
56,35,1267157
56,389,1023113
56,389,1139176
56,389,1317826
56,389,1369380
56,389,1373417
56,389,174930
56,389,271682
56,389,288869
56,389,318542
56,389,942098
56,403,1129619
56,403,1199286
56,403,1233092
56,403,126068
56,403,1266660
56,403,1357877
56,403,483571
56,403,498433
56,403,500252
56,403,505742
56,403,552845
56,471,1447174
56,473,1439625
56,473,734964
56,538,1590410
56,560,1055292
56,570,741988
56,580,1240528
56,587,1104171
56,595,872017
56,603,343844
56,771,446142
56,786,884525
56,808,733865
56,909,767227
56,930,1365640
56,930,1415553
56,930,162049
56,930,1634818
56,930,370893
56,930,748472
56,959,623987
56,959,630551
57,237,1429685
57,237,1627886
57,342,1072095
57,342,585256
57,711,1481488
57,732,1262096
57,732,804356
57,813,1405666
58,239,508220
58,879,1544204
59,145,1306435
59,145,1489676
59,145,1586890
59,145,364521
59,145,76067
59,145,774715
59,145,855981
59,150,560705
59,152,1043483
59,17,1491845
59,17,152136
59,17,62187
59,177,1115766
59,177,1495249
59,216,968876
59,22,1510960
59,221,364152
59,224,33435
59,225,244993
59,237,610739
59,237,69673
59,246,1522728
59,283,751655
59,316,1446957
59,323,1426540
59,323,585978
59,348,1598536
59,348,175405
59,348,439159
59,348,602950
59,351,1472796
59,383,1246772
59,390,788082
59,432,1283801
59,453,1147002
59,455,724365
59,464,1624225
59,464,470576
59,481,1391588
59,482,707633
59,494,671726
59,5,1206049
59,5,1373939
59,5,1509364
59,5,1626895
59,5,1628100
59,5,168145
59,5,250313
59,5,316723
59,5,604615
59,5,724808
59,5,761951
59,5,836308
59,5,885843
59,5,935084
59,5,964630
59,542,537985
59,542,698453
59,560,1379428
59,587,1349065
59,59,824770
59,590,423848
59,592,463567
59,605,1365935
59,605,1489866
59,605,557583
59,609,1081566
59,609,605114
59,618,745795
59,647,1473985
59,647,307785
59,647,851184
59,665,1440215
59,692,1272323
59,702,224848
59,721,1376143
59,79,1380795
59,79,1398324
59,79,539728
59,791,1338252
59,809,1300828
59,809,1448338
59,809,256365
59,850,357635
59,867,569558
59,885,44460
59,911,719498
59,954,1050856
59,98,826968
6,102,1483693
6,149,211879
6,282,121037
6,389,1024286
6,403,1306986
6,496,1141120
6,560,1186909
6,561,1442791
6,625,341046
6,908,546960
60,145,1168439
60,145,1239448
60,145,1430453
60,145,496153
60,224,115167
60,224,1326575
60,224,1341620
60,224,152934
60,224,214203
60,224,504796
60,224,535532
60,224,889973
60,246,1139775
60,246,1538378
60,246,306252
60,246,711652
60,246,730141
60,246,884815
60,246,967367
60,280,266410
60,295,179404
60,295,433894
60,307,964135
60,317,1561273
60,344,446343
60,431,1175588
60,431,1177334
60,431,1338500
60,431,306095
60,431,434969
60,431,696938
60,431,778109
60,431,789076
60,431,792147
60,502,1061705
60,516,1389386
60,516,1533257
60,516,832582
60,536,1079131
60,553,1557008
60,560,1299641
60,560,1538878
60,560,341167
60,560,498932
60,560,6904
60,560,741777
60,609,1020212
60,609,1053191
60,609,137018
60,609,1421382
60,609,31846
60,609,38694
60,609,779409
60,609,852774
60,648,236428
60,69,811690
60,702,551794
60,795,963718
60,812,470549
60,868,1271362
61,101,1601626
61,101,824024
61,145,1082709
61,145,1423673
61,17,402673
61,176,325734
61,21,1271917
61,218,525754
61,220,37160
61,225,792056
61,226,19375
61,232,1267268
61,232,1331473
61,237,2177
61,272,1219872
61,272,1572780
61,272,265952
61,272,816371
61,284,1582982
61,299,1249592
61,299,1342185
61,299,1471078
61,299,291926
61,299,460718
61,299,597623
61,3,302246
61,3,559789
61,313,1145678
61,340,327157
61,344,1324650
61,348,1242749
61,348,206423
61,348,75833
61,348,944220
61,367,451794
61,430,1099421
61,464,1088924
61,464,1572407
61,464,267318
61,464,37756
61,464,510287
61,464,524330
61,464,607670
61,464,658618
61,464,783643
61,464,817691
61,464,885569
61,464,910185
61,464,947596
61,466,103272
61,507,1441052
61,560,608894
61,599,672692
61,616,645154
61,625,1062226
61,625,1136626
61,625,691690
61,667,1198788
61,702,1078412
61,702,1088179
61,702,1309452
61,702,135711
61,702,1440552
61,702,1582499
61,702,1624207
61,702,202449
61,702,466167
61,702,530357
61,702,558506
61,702,635091
61,702,842007
61,702,964288
61,708,949631
61,732,836082
61,732,868081
61,735,718032
61,739,1134860
61,752,402166
61,77,485176
61,777,544442
61,807,146696
61,855,491079
61,858,951309
61,869,1207325
61,869,519876
61,869,542169
61,869,550458
61,869,752271
61,902,1497291
61,902,291403
61,902,939126
61,91,1125593
61,91,749236
61,943,1122711
61,943,914106
61,954,764642
62,120,29380
62,177,1084891
62,237,380170
62,25,1494165
62,318,1134042
62,464,652885
62,48,185859
62,48,402609
62,48,769863
62,488,565752
62,5,779347
62,5,997066
62,573,1622786
62,580,403446
62,602,593618
62,609,1163022
62,609,1273797
62,609,1603645
62,609,566367
62,609,653541
62,609,71924
62,609,756613
62,609,757543
62,609,872342
62,655,1475431
62,655,353697
62,711,291791
62,864,112048
62,864,1219099
62,864,791485
62,892,1629296
62,961,115447
62,961,127310
62,961,275102
62,961,277796
62,961,566090
63,145,1237816
63,224,69619
63,237,1131808
63,237,1343839
63,25,206479
63,282,727836
63,328,320017
63,405,1573964
63,464,978374
63,560,1109319
63,590,1049478
63,644,547485
63,809,1567425
63,835,842146
63,865,1230580
63,873,155651
63,919,93840
63,940,91391
64,128,1443159
64,144,1122307
64,144,585409
64,145,1215549
64,145,1233638
64,145,1281562
64,145,130547
64,145,1438984
64,145,1492121
64,145,1514227
64,145,1561553
64,145,1605383
64,145,337604
64,145,809966
64,145,937287
64,169,1303781
64,187,1467527
64,198,368745
64,20,109416
64,212,1301582
64,212,1590439
64,212,241552
64,252,44806
64,270,1227407
64,272,1006936
64,280,756469
64,282,1125100
64,282,1635011
64,33,61521
64,394,10477
64,400,719028
64,464,81255
64,464,906644
64,5,65918
64,542,429079
64,542,973230
64,560,1226522
64,560,1267471
64,560,1396689
64,560,1438185
64,560,1636529
64,560,383217
64,560,428082
64,560,569184
64,560,583372
64,560,642066
64,560,64311
64,560,940525
64,564,533288
64,579,1374127
64,587,1201861
64,596,1045138
64,596,776225
64,609,911708
64,617,30129
64,625,1560875
64,625,407391
64,657,1624436
64,702,982891
64,769,1228207
64,769,1458057
64,769,965265
64,832,65232
64,836,267206
64,865,850722
64,886,1232738
64,886,530714
64,91,1224768
64,910,683535
64,915,1149595
64,943,1111004
64,945,98683
64,958,703323
64,958,981609
65,237,928090
65,609,628080
65,961,328759
66,48,124347
66,48,491348
67,145,1140859
67,145,1148012
67,145,1160261
67,145,1203696
67,145,1352062
67,145,1486534
67,145,191672
67,145,409741
67,145,411093
67,145,481197
67,145,679914
67,145,886657
67,191,1446877
67,191,217019
67,191,454003
67,194,1423113
67,196,1465593
67,200,808848
67,224,265957
67,224,558199
67,224,936464
67,259,1251751
67,265,800281
67,283,1587022
67,317,308097
67,370,977131
67,433,1424591
67,436,1294614
67,441,1545645
67,45,1032845
67,542,140474
67,542,1519223
67,542,1548914
67,542,268004
67,542,843480
67,551,1609632
67,560,1268238
67,560,1492348
67,560,783667
67,573,379654
67,612,1391395
67,631,454845
67,64,216703
67,781,1400831
67,781,471811
67,865,314232
67,865,789228
67,868,187671
67,868,750520
67,89,410355
67,893,1018631
67,923,323559
67,941,1628914
68,143,494530
68,144,1459340
68,144,748039
68,145,1170310
68,145,1212717
68,145,1328857
68,145,1340592
68,145,1347448
68,145,1355414
68,145,138678
68,145,1412395
68,145,1433933
68,145,295002
68,145,301292
68,145,470246
68,145,729170
68,145,873948
68,147,1473989
68,160,1507057
68,160,60398
68,171,494781
68,173,181217
68,183,263151
68,245,1439188
68,25,1132968
68,25,1501225
68,25,1538899
68,268,167378
68,282,1336869
68,282,936163
68,307,1558078
68,318,1603348
68,380,157573
68,397,252806
68,454,231163
68,464,1240534
68,464,332280
68,466,1229830
68,48,107735
68,516,638390
68,516,78327
68,516,834448
68,573,1000441
68,573,1299768
68,573,1597491
68,573,765282
68,591,309873
68,608,799877
68,625,672723
68,637,721419
68,642,50721
68,642,866344
68,653,13331
68,655,1520301
68,655,1584051
68,655,950758
68,693,398603
68,732,405961
68,732,547621
68,74,869964
68,742,162300
68,742,220139
68,803,910064
68,809,415243
68,813,532943
68,824,1122388
68,843,497968
68,862,1261024
68,864,638714
68,864,813230
68,866,578832
68,867,1053663
68,920,827268
68,928,1180310
68,928,1316718
68,936,1242503
68,936,185743
68,936,575417
68,936,68749
68,956,751239
68,959,1054014
69,1,42976
69,102,1251228
69,131,243423
69,145,1512403
69,199,288123
69,246,65459
69,323,1397155
69,348,1543384
69,350,137848
69,464,1436481
69,587,819682
69,702,623684
69,726,425521
69,727,583597
69,729,1044102
69,753,622908
69,954,1568763
7,283,759079
7,413,1560638
7,542,466270
7,548,1020012
7,560,34570
7,610,1160964
7,817,392770
70,239,702497
70,334,1115978
70,334,1366970
70,385,728179
70,481,1065376
70,481,1467281
70,481,19928
70,481,953595
70,879,1129928
70,879,1245309
70,879,139330
70,879,1563660
70,879,195102
70,886,1071801
70,886,1109590
70,886,1172695
71,237,938580
71,304,510438
71,457,822345
71,465,1356718
71,5,264874
71,5,610350
71,531,850151
71,570,1453226
71,570,526803
71,655,1466034
71,657,909842
71,710,611553
71,893,712448
71,903,283719
72,120,1439842
72,143,1629167
72,145,113232
72,145,61165
72,145,795951
72,145,974856
72,261,1014825
72,29,1185010
72,29,1611771
72,323,337493
72,323,492449
72,323,550187
72,340,615867
72,448,814285
72,48,602577
72,5,919519
72,5,99662
72,515,54663
72,516,1323217
72,609,234427
72,700,360675
72,702,900598
72,744,1543154
72,79,1005771
72,79,764623
72,79,94855
72,829,128537
72,858,1114448
72,863,162124
72,864,422400
73,237,1239357
73,237,1541419
73,237,251883
73,237,274318
73,237,37438
73,237,436973
73,237,448064
73,237,5200
73,237,745319
73,237,855747
73,237,881567
73,237,897030
73,357,209962
73,384,806728
73,50,1200223
73,748,1182923
74,145,564561
74,145,648670
74,48,946562
74,839,1412214
74,865,826959
75,142,815994
75,144,1523253
75,145,1422516
75,145,1585329
75,145,184006
75,145,243844
75,145,299433
75,145,552336
75,145,558746
75,145,606872
75,145,607556
75,145,687331
75,145,782243
75,145,874918
75,145,973125
75,17,596252
75,170,1202759
75,177,1261242
75,177,1268020
75,177,246326
75,177,529868
75,177,984628
75,189,966060
75,224,1405823
75,224,347706
75,224,770850
75,224,89343
75,246,1448601
75,25,1122865
75,266,1166641
75,278,203696
75,279,728720
75,28,191433
75,283,56789
75,283,920459
75,286,10263
75,292,1315759
75,294,1332047
75,3,1560091
75,300,1084648
75,303,1558579
75,307,1070752
75,32,1305643
75,323,1035432
75,323,1092885
75,323,1252509
75,323,1255764
75,323,1293700
75,323,1405695
75,323,1454712
75,323,1625791
75,323,425314
75,323,496704
75,323,503556
75,324,584135
75,324,594129
75,329,834415
75,338,498687
75,345,705223
75,346,563726
75,371,922084
75,375,1404812
75,377,104549
75,393,492238
75,396,826516
75,404,318144
75,407,391286
75,421,1167615
75,421,174345
75,428,1218048
75,430,328145
75,438,1034093
75,459,177290
75,464,1208161
75,464,1356900
75,464,1420064
75,464,610092
75,481,998832
75,490,844537
75,499,194170
75,516,1629587
75,516,226401
75,528,1513156
75,542,1291987
75,542,356550
75,55,1069626
75,557,560475
75,560,1129232
75,560,1364107
75,587,479096
75,587,769265
75,589,1062522
75,605,1085569
75,608,706332
75,653,1331664
75,669,835965
75,67,1393575
75,732,1211362
75,760,1433245
75,821,1041721
75,831,1344510
75,860,950647
75,869,1200949
75,869,1496944
75,897,1438221
75,897,1591494
75,914,755343
75,919,586636
75,946,180404
75,954,1210235
76,134,1450198
76,457,1214274
77,35,1380942
77,464,1356305
77,560,1258681
77,809,151204
78,145,1155104
78,145,1480355
78,145,1558474
78,145,161469
78,145,432079
78,145,447466
78,145,455560
78,145,478014
78,145,548566
78,145,684471
78,145,692922
78,145,779741
78,191,1236117
78,191,605503
78,196,941356
78,237,805423
78,246,1021476
78,283,593883
78,398,763708
78,406,1074204
78,406,124883
78,406,1338775
78,406,1366561
78,406,305149
78,406,437807
78,406,529434
78,406,640064
78,406,697053
78,406,940536
78,406,96323
78,45,797336
78,542,716318
78,560,1451340
78,560,984763
78,64,430286
78,660,1279704
78,660,1283379
78,660,1308040
78,660,1454002
78,660,425104
78,660,845437
78,660,94034
78,660,990641
78,893,287904
79,101,924885
79,109,781506
79,140,1504910
79,145,1079675
79,145,1202588
79,145,128160
79,145,1308484
79,145,132497
79,145,1351544
79,145,1519104
79,145,244581
79,145,282224
79,145,286610
79,145,289930
79,145,425803
79,145,583785
79,145,624760
79,145,659291
79,145,918716
79,145,92279
79,146,1621261
79,146,683651
79,146,961888
79,167,1524087
79,17,310180
79,177,1433032
79,177,351937
79,177,408925
79,177,485774
79,177,507502
79,177,553922
79,190,1136107
79,190,117187
79,190,119135
79,190,1356286
79,190,1377093
79,190,1548369
79,190,55004
79,190,580006
79,190,619189
79,190,977435
79,201,1172774
79,201,582721
79,211,1049032
79,220,1151088
79,224,149453
79,224,957807
79,228,628874
79,245,1512037
79,245,785275
79,246,1392175
79,246,658698
79,25,589757
79,272,1537067
79,282,1048970
79,282,1548796
79,283,1198360
79,283,955439
79,292,1324279
79,292,910565
79,307,1142391
79,307,53939
79,307,978987
79,314,87674
79,321,200358
79,323,353559
79,323,589815
79,324,1353384
79,324,1428442
79,340,1264449
79,348,1025865
79,348,719895
79,355,1001068
79,36,374886
79,362,816459
79,389,1052932
79,389,1276977
79,389,1547076
79,389,3144
79,389,574419
79,389,642691
79,464,701419
79,473,853149
79,513,412872
79,527,562159
79,54,1441897
79,552,807727
79,557,1586738
79,557,631414
79,560,1139058
79,560,654381
79,587,902109
79,60,1009767
79,60,1395645
79,60,427924
79,625,507493
79,642,529415
79,649,496794
79,661,1117712
79,675,843853
79,723,1015414
79,723,1371530
79,723,495191
79,734,955281
79,737,684370
79,742,538242
79,745,1466604
79,747,140685
79,766,581380
79,77,1322431
79,786,546313
79,800,1337392
79,810,1452695
79,83,285402
79,841,505764
79,844,1325736
79,85,1517781
79,858,294814
79,858,714836
79,86,587731
79,87,1112327
79,871,676238
79,899,307977
79,901,1251576
79,905,1034381
79,936,1166485
79,936,141235
79,936,1516531
79,936,1542890
79,936,710449
79,95,1150656
79,954,1527880
79,957,600522
79,959,1612748
79,959,392812
8,145,1146367
8,145,1157653
8,145,1473074
8,145,20735
8,145,336732
8,145,465874
8,145,560028
8,145,570431
8,145,719942
8,145,870151
8,145,922294
8,146,358333
8,146,520286
8,146,786340
8,146,818804
8,146,947446
8,17,1032396
8,17,1085923
8,177,1513283
8,177,322310
8,177,356458
8,177,428300
8,177,646643
8,177,874382
8,177,88025
8,197,1382084
8,20,1147571
8,201,1106096
8,211,808132
8,213,211918
8,224,1489835
8,224,1527358
8,224,496412
8,224,82766
8,273,1422774
8,283,875124
8,315,18077
8,337,1516972
8,348,1304204
8,348,1630185
8,368,920925
8,372,144467
8,384,140597
8,388,1232554
8,389,165377
8,389,177887
8,389,487664
8,395,953315
8,397,1590821
8,403,107429
8,403,1243880
8,403,244825
8,403,605312
8,435,1412212
8,435,798484
8,487,1220481
8,493,804543
8,542,1020011
8,542,1057676
8,548,1090820
8,548,352857
8,548,506205
8,548,526170
8,557,1305002
8,558,597788
8,560,1634814
8,560,730610
8,560,866177
8,560,885126
8,566,527793
8,593,111811
8,593,149440
8,598,969608
8,60,491808
8,60,874446
8,623,44837
8,646,1173655
8,646,330706
8,7,460613
8,728,31572
8,728,889147
8,737,1157802
8,747,439920
8,761,304270
8,761,48053
8,77,1120819
8,787,478528
8,810,992678
8,837,1609832
8,837,558343
8,837,872356
8,844,926610
8,85,255034
8,859,1235307
8,87,1605283
8,889,1601416
8,899,1154981
8,926,641325
80,145,1057723
80,145,1140493
80,145,1332566
80,145,1405663
80,145,1547789
80,145,1563283
80,145,1563977
80,145,19368
80,145,353599
80,145,36295
80,145,497986
80,145,736484
80,146,1088760
80,146,110441
80,146,1163691
80,146,1257332
80,146,1271194
80,146,1339291
80,146,1556580
80,146,20209
80,146,280134
80,146,58293
80,146,600037
80,146,743059
80,146,855905
80,158,600238
80,165,1163627
80,17,723185
80,17,989568
80,20,1530422
80,20,492995
80,20,625814
80,282,1437250
80,282,1452912
80,301,1076262
80,307,357597
80,320,111680
80,320,1427878
80,320,546223
80,323,1263716
80,324,740148
80,34,1000848
80,348,1099337
80,348,1349968
80,372,920016
80,392,381221
80,403,107214
80,403,1346370
80,403,136245
80,403,1393500
80,403,1445102
80,403,1518098
80,403,220312
80,403,368603
80,403,424895
80,403,438100
80,403,510683
80,403,608772
80,403,818134
80,403,837172
80,403,910404
80,403,925132
80,407,231245
80,412,178042
80,444,1181918
80,444,61579
80,461,304090
80,5,1016541
80,5,1019010
80,5,1069928
80,5,1082714
80,5,1199682
80,5,1248453
80,5,125186
80,5,1286676
80,5,1334321
80,5,1362778
80,5,1370120
80,5,1468390
80,5,1474084
80,5,1483223
80,5,1597978
80,5,181990
80,5,236009
80,5,331497
80,5,373965
80,5,374027
80,5,378851
80,5,496097
80,5,550650
80,5,60179
80,5,614997
80,5,719815
80,5,852495
80,5,8898
80,532,1264928
80,550,1544926
80,557,243499
80,563,194449
80,578,1522154
80,584,1319381
80,584,1503826
80,584,28588
80,584,350297
80,584,454068
80,584,874442
80,587,965466
80,609,193488
80,609,313236
80,625,1192960
80,642,1279082
80,654,226803
80,655,3441
80,663,1149330
80,668,245533
80,67,446811
80,67,533165
80,68,32102
80,685,1079676
80,685,1149246
80,685,1590663
80,685,393514
80,685,497070
80,685,71100
80,685,763284
80,685,795702
80,685,877817
80,685,91534
80,702,1196025
80,703,529014
80,740,1361374
80,742,638322
80,773,73943
80,79,96861
80,828,241969
80,830,1343847
80,851,889450
80,854,1207347
80,867,1055475
80,867,1086500
80,867,1257471
80,867,306577
80,867,491780
80,867,757561
80,872,237872
80,883,159576
80,899,1445321
80,906,161622
80,909,274950
80,93,1276371
80,931,1274090
80,934,1068746
80,934,1088075
80,934,1376650
80,934,1482744
80,934,1611340
80,934,1631729
80,934,442029
80,934,654604
80,934,761290
80,934,801782
80,934,823414
80,934,938094
80,936,401472
80,95,452995
80,959,131104
80,959,146885
80,959,384117
81,337,253806
82,124,861093
82,145,1214944
82,145,1275984
82,145,1295437
82,145,1470041
82,145,590851
82,145,70304
82,145,960007
82,17,19819
82,17,763328
82,20,848789
82,232,1257233
82,232,139724
82,232,174848
82,232,581771
82,236,1168100
82,238,1056584
82,238,666980
82,242,1067754
82,25,1128334
82,283,1269478
82,289,87508
82,307,435177
82,31,1000432
82,31,1142741
82,316,1143240
82,318,281876
82,341,603511
82,348,1041527
82,348,1337932
82,464,1426325
82,48,1066271
82,5,1501537
82,5,1503815
82,5,1527388
82,5,173733
82,5,27726
82,5,421843
82,5,497572
82,5,709754
82,5,782873
82,5,803328
82,5,860957
82,5,944899
82,517,215278
82,605,549794
82,609,1101554
82,609,619163
82,609,720742
82,625,1231215
82,625,766316
82,702,956237
82,706,152951
82,713,909444
82,754,996992
82,789,1498480
82,79,1305066
82,79,1317701
82,79,337682
82,794,137414
82,823,1401902
82,854,977662
82,907,1054797
83,119,1517747
83,144,570342
83,145,129953
83,145,1327054
83,145,323468
83,145,328180
83,145,695730
83,145,979102
83,182,615548
83,192,1103114
83,192,269140
83,192,815708
83,25,1138969
83,288,367856
83,295,1578655
83,295,175915
83,317,969270
83,318,1350842
83,387,39530
83,393,197100
83,464,1200860
83,464,1341496
83,47,1311070
83,47,1335850
83,5,606436
83,516,1147785
83,516,1206376
83,516,1253025
83,516,1280779
83,516,1398119
83,516,1441182
83,516,1619703
83,516,340401
83,516,938400
83,516,980516
83,542,553107
83,542,879546
83,605,1042622
83,666,867058
83,688,137654
83,695,1165255
83,695,228872
83,695,596038
83,702,446046
83,702,639418
83,702,672918
83,75,1303528
83,820,1562405
83,858,99220
83,923,636099
83,923,939566
83,939,1503334
83,961,1446943
83,961,1578185
84,11,256354
84,127,974888
84,145,182876
84,145,562461
84,145,832605
84,165,1301899
84,165,1437290
84,166,1004827
84,166,1086036
84,166,1106011
84,166,1175754
84,166,1382751
84,166,1412011
84,166,1515947
84,166,239491
84,166,87320
84,166,922402
84,166,996886
84,17,972498
84,177,224459
84,177,672051
84,199,321328
84,224,1609995
84,237,881131
84,247,784667
84,25,1619827
84,274,1228993
84,281,1313753
84,296,1519517
84,3,982070
84,302,58357
84,307,630130
84,307,774002
84,318,1062283
84,318,1141458
84,318,1146874
84,318,1256341
84,318,1297247
84,318,436586
84,318,614006
84,320,355095
84,344,1333343
84,345,55287
84,348,836724
84,421,765593
84,458,752708
84,464,1283202
84,464,272553
84,464,278414
84,464,321403
84,464,938527
84,48,187753
84,48,20897
84,48,577371
84,498,754528
84,498,903670
84,498,98262
84,5,1069476
84,5,1072688
84,5,1077824
84,5,1112080
84,5,1140756
84,5,1198996
84,5,1205245
84,5,1259025
84,5,1396521
84,5,1418680
84,5,1432701
84,5,1527787
84,5,1529403
84,5,1529856
84,5,1571055
84,5,1571642
84,5,1599103
84,5,319511
84,5,319785
84,5,377320
84,5,481124
84,5,492309
84,5,59555
84,5,597443
84,5,650920
84,5,732301
84,5,749535
84,5,793868
84,5,84310
84,5,95104
84,5,95747
84,503,355082
84,523,1160954
84,53,633676
84,570,428584
84,603,355206
84,609,1014212
84,609,1132438
84,609,1238118
84,609,1245989
84,609,1425364
84,609,1506394
84,609,190724
84,609,200214
84,609,264580
84,609,47745
84,609,882555
84,618,1024558
84,621,409453
84,625,404570
84,655,1198921
84,655,152864
84,655,312752
84,655,577976
84,655,793351
84,656,878224
84,659,1293692
84,667,232464
84,691,207079
84,691,208808
84,696,301978
84,702,1297134
84,702,148042
84,702,172837
84,702,994417
84,729,647615
84,743,362531
84,782,1492455
84,899,828220
84,919,890132
84,936,371415
84,946,544032
84,947,924059
84,95,1074344
84,961,809094
85,145,1432655
85,145,522795
85,145,536998
85,145,79946
85,201,1470224
85,25,565225
85,30,559487
85,320,774444
85,349,568769
85,397,11424
85,448,523788
85,574,40606
85,601,979047
85,608,1344631
85,653,1344228
85,717,344891
85,838,936563
86,237,1092395
86,237,53085
86,322,375634
86,457,362311
86,805,1434784
87,145,388421
87,201,480895
87,456,1449230
87,498,673052
87,5,745047
88,114,361770
88,179,1183882
88,237,1300601
88,237,665569
88,348,1536289
88,436,1630972
88,477,325149
88,489,494692
88,545,366051
88,548,1339408
88,58,387569
88,659,1263932
88,843,202256
88,89,1059769
88,89,1513138
89,282,1450431
89,324,12060
89,389,1444448
89,403,286056
89,464,52540
89,560,315391
89,764,1033011
89,81,1522098
89,816,1421742
89,866,677220
9,137,1562911
9,145,72527
9,166,1364856
9,166,1453807
9,166,1511753
9,166,47216
9,17,198827
9,238,855094
9,318,1425231
9,318,1538377
9,352,857726
9,384,852161
9,39,55926
9,5,1065516
9,5,1107679
9,5,1173625
9,5,132956
9,5,1330408
9,5,1396231
9,5,1479992
9,5,1590329
9,5,277116
9,5,418253
9,5,503150
9,5,704993
9,5,861354
9,5,961355
9,609,1123340
9,609,1527192
9,609,324260
9,609,477275
9,609,517098
9,609,928723
9,615,1132113
9,721,273870
9,729,1519405
9,729,497679
9,729,923382
9,748,1004734
9,867,1286790
9,95,1195867
9,95,1511823
9,95,893036
90,145,200646
90,145,27222
90,145,293451
90,145,733654
90,177,1375783
90,177,698870
90,195,402739
90,201,1425168
90,201,225108
90,297,54578
90,335,103667
90,509,1204509
90,548,1487662
90,60,1236891
90,82,968182
90,922,1132744
91,237,329331
92,145,935710
92,177,1546588
92,29,1478862
92,323,258450
92,389,1022465
92,389,1069851
92,403,1446146
92,403,873130
92,653,33504
92,677,553588
92,712,1228940
92,858,139327
92,930,1188887
92,930,1606968
92,946,253554
93,102,1534488
93,145,1357054
93,145,1399739
93,145,1553470
93,145,71921
93,149,169528
93,199,785043
93,205,1133633
93,23,1378034
93,233,1345733
93,233,1439721
93,246,1635275
93,257,1506333
93,282,142461
93,293,719864
93,300,1228576
93,300,637199
93,358,1108252
93,374,1181180
93,386,859797
93,389,1438915
93,389,335131
93,403,571112
93,466,1481772
93,486,15145
93,496,1405641
93,516,555316
93,542,1503578
93,560,1080366
93,560,1393495
93,560,35596
93,561,184231
93,587,34363
93,587,675618
93,610,1042585
93,620,1126421
93,622,755173
93,679,977113
93,691,1070138
93,703,1163647
93,703,59845
93,726,1278721
93,749,1306508
93,77,1623573
93,778,901659
93,826,1063186
93,843,772676
93,846,1144865
93,858,1150362
93,919,106698
93,919,1480735
94,217,902685
94,237,1077396
94,237,1178607
94,237,1223244
94,237,436513
94,237,633946
94,237,803070
94,283,1230140
94,283,934294
94,328,1083508
94,328,1319594
94,348,722289
94,385,1477309
94,542,1403332
94,543,867715
94,641,1433674
94,757,1248802
94,757,1374690
94,857,1577606
94,886,644408
94,890,1147721
94,936,250512
94,949,425577
95,237,73057
95,328,849455
96,134,1504692
96,457,1075059
96,457,278738
96,516,379337
96,604,1008397
96,624,1093180
97,108,235143
97,114,1089663
97,114,1193374
97,114,1222687
97,114,1331324
97,114,133653
97,114,1358997
97,114,1502084
97,114,387482
97,114,418272
97,114,418537
97,114,444849
97,114,717857
97,159,1241140
97,177,1528942
97,177,236972
97,27,786208
97,329,661457
97,33,1420726
97,378,1354394
97,378,1526410
97,378,358667
97,378,375742
97,378,385375
97,378,395718
97,378,621051
97,378,622417
97,378,741778
97,378,788996
97,378,84017
97,378,905704
97,386,650056
97,422,632699
97,467,1151343
97,560,589139
97,608,1019991
97,608,1095938
97,608,1112395
97,608,1305753
97,608,1403845
97,608,146502
97,608,1597727
97,608,1613727
97,608,383421
97,608,673721
97,608,847905
97,608,933668
97,608,952599
97,608,973310
97,61,925227
97,711,986255
97,783,422009
97,822,477942
97,868,471021
97,90,1381803
97,915,1129432
98,10,435353
98,128,123197
98,145,1051887
98,145,1534337
98,146,1456738
98,146,921045
98,171,197316
98,171,911809
98,171,941441
98,192,243955
98,269,693835
98,282,1373984
98,292,1169170
98,292,1314420
98,292,138748
98,292,1602058
98,292,1608827
98,292,251903
98,292,375388
98,292,483131
98,292,57787
98,292,662136
98,318,21237
98,364,1099784
98,461,583795
98,48,1623762
98,48,50244
98,48,703098
98,483,1162234
98,5,576341
98,5,584115
98,57,318552
98,57,783690
98,583,1594890
98,584,389395
98,586,214621
98,587,976538
98,633,559188
98,638,1474166
98,717,585123
98,738,591533
98,742,962836
98,750,60007
98,878,1621963
98,878,171736
98,878,343748
98,878,347352
98,878,905901
98,885,1449115
98,893,1113226
98,924,1500615
98,936,99859
98,937,476849
98,937,64335
98,946,936884
98,954,1035537
98,961,249387
98,961,69951
99,145,232175
99,145,900930
99,17,830635
99,176,1422076
99,176,22958
99,176,239874
99,176,271622
99,176,299376
99,176,300157
99,176,840920
99,222,337343
99,222,861233
99,225,840562
99,283,1266190
99,299,1496478
99,299,538593
99,299,634329
99,299,700212
99,327,1187137
99,466,522195
99,610,1257335
99,635,1508804
99,702,1086958
99,702,1114676
99,702,1274681
99,702,1374280
99,702,1380369
99,702,1441264
99,702,1478918
99,702,1482092
99,702,1576592
99,702,353067
99,702,476438
99,702,630341
99,702,716885
99,702,882202
99,91,1029317
99,91,1099740
99,91,1241127
99,91,1354735
99,91,1387921
99,91,1494990
99,91,507270
99,91,529454
99,91,606397
99,919,1615042
